{
    "GNPS-MSMLS": {
        "true_positives": 66,
        "false_positives": 11,
        "true_negatives": 24,
        "false_negatives": 40,
        "positives": 106,
        "negatives": 35,
        "precision": 0.8571428571428571,
        "recall": 0.6226415094339622,
        "accuracy": 0.6382978723404256
    },
    "GNPS-NIH-NATURALPRODUCTSLIBRARY_ROUND2_POSITIVE": {
        "true_positives": 459,
        "false_positives": 144,
        "true_negatives": 180,
        "false_negatives": 358,
        "positives": 817,
        "negatives": 324,
        "precision": 0.7611940298507462,
        "recall": 0.5618115055079559,
        "accuracy": 0.5600350569675723
    },
    "GNPS-NIH-SMALLMOLECULEPHARMACOLOGICALLYACTIVE": {
        "true_positives": 93,
        "false_positives": 113,
        "true_negatives": 74,
        "false_negatives": 94,
        "positives": 187,
        "negatives": 187,
        "precision": 0.45145631067961167,
        "recall": 0.49732620320855614,
        "accuracy": 0.446524064171123
    },
    "BERKELEY-LAB": {
        "true_positives": 4832,
        "false_positives": 2096,
        "true_negatives": 1446,
        "false_negatives": 1560,
        "positives": 6392,
        "negatives": 3542,
        "precision": 0.6974595842956121,
        "recall": 0.7559449311639549,
        "accuracy": 0.6319710086571371
    }
}